sin_month,cos_month,GHI_lag1,GHI_lag12,GHI_anom,CLOUD_anom,PRECTOT_anom,ONI,ONI_lag2,GHI_x_CLOUD,ONI_x_CLOUD_anom,T2M_x_RH
-0.00052044325,-0.018855294,-0.019015048,0.0049160793,0.00065242365,-0.0018219769,0.0013393812,0.00097411213,-0.0007431335,0.006030397,0.00618486,-0.0041984003
0.003722503,-0.00062078063,0.0031506415,0.012301839,0.020713082,0.005623706,0.012374101,0.0052529494,-0.0011560068,0.011383417,0.012913229,0.0054786494
0.003281902,0.014374949,-0.0013953182,0.012555112,0.016611313,0.0022485638,0.0057227416,0.0023270515,-0.0021806452,0.001548193,0.00054097874,-0.003738745
0.0058833924,0.0076353163,0.005841616,-0.0087136775,-0.027168607,-0.0070872013,-0.0035358274,0.0012641274,0.0002651918,0.00039538607,0.016655868,0.009287198
-0.0015895896,0.010905284,-0.0020382782,0.0017752034,-0.027034238,-0.008964118,-0.0045214947,-6.935509e-05,0.00017755649,-0.004986592,0.012448802,0.0023998176
-0.0071144286,0.0062191794,0.0022360384,-7.174327e-05,-0.03273854,0.005635944,0.006009125,0.0006750491,-0.0021426461,-0.0026791329,-0.009163983,0.004091686
-0.007171963,0.012787493,0.0012440204,-0.010275568,0.027269758,0.015454414,-0.013263243,0.0012794246,-0.0030450306,-0.009992539,0.0008470217,-0.003625626
-0.004445694,0.009394219,0.0028837908,0.013512833,0.006474964,0.0198424,-0.012101237,0.0016911183,0.0023617235,-0.0031514205,0.0006164574,-0.00791017
0.0051298738,0.010852515,0.0015129345,-0.013315782,-0.08118772,0.0015562936,0.0068617053,0.0005300817,-0.002138638,-0.00494455,0.0047896015,-0.0072094654
-0.007412268,-0.014338568,-0.006673293,-0.017476464,-0.07613341,0.013194493,-0.020700194,-0.00068444904,-0.009046097,-0.007912157,-0.01056863,-0.006146475
-0.006559435,-0.015188183,-0.019207215,-0.0017986037,-0.066014804,0.016911231,0.0013558989,-8.731366e-05,-0.006572291,-0.0036048484,0.0030527848,-0.00031123875
-0.013500244,-0.028373364,-0.02344652,-0.014763294,0.0029342158,-0.0030443082,0.0071151517,-0.0037270135,-0.011070081,-0.0014797299,-0.00782059,0.0014906089
0.00075829006,-0.01719746,0.0010074828,-0.0021887748,-0.026295168,0.0062912186,-0.002836544,0.002602879,-0.008288126,-0.0011125455,-0.0047639636,0.0077531044
0.0032367306,-0.004857024,0.0039975867,0.022537863,0.018061897,0.0171114,0.00065870443,0.0039525805,-0.0038997363,0.0040293196,0.009197857,-0.0031372907
0.008691639,0.018896332,0.0031383112,0.013909498,0.02103946,0.0019651116,0.016353838,0.010490645,0.006086795,0.0031038509,-0.005907897,0.00434241
0.0020919924,0.012666816,-0.0023912876,-0.00813688,0.0026342417,0.00019282932,0.010586133,0.0056604487,-0.0064843,-0.0029510248,-0.0043277233,0.009023212
0.0037689111,0.015609404,0.007994761,-0.0005940579,0.0093738325,0.0025134394,0.00982388,0.0036782722,-0.003763721,-0.00024445873,0.008346787,-0.000201441
-0.008039399,0.0034740022,-0.00012849123,0.006401878,-0.026637727,-0.0064957496,0.010443601,-9.621965e-05,-0.0041884994,-3.951267e-05,0.00014132379,0.0070689996
-0.007257441,0.0088651385,0.008570009,0.009308461,-0.042651355,-0.008668137,0.0021198113,-0.00035402985,-0.00067589944,-0.0031498112,-0.0075094937,-0.0036209042
-0.0035974674,0.008687635,0.00051947264,0.008112135,0.0052956683,-0.0018998863,0.009326328,0.00285787,0.008616923,-0.004882429,0.0091918865,-0.005913522
0.018855853,0.01721405,-0.0026407216,-0.0059285252,0.015477052,0.00017117464,-0.003538272,0.005128349,0.01948405,-0.0017626487,0.011919363,-0.0037460234
-0.002313518,-0.0062583075,-0.003947058,-0.011865285,0.016851699,0.0028444917,-0.014367464,0.0026470767,0.015481043,-0.006551555,-0.0016562234,0.0021048072
-0.0083952965,-0.018956717,0.0038301786,-0.007565325,-0.03631179,-0.010183858,-0.0062270314,0.0029811189,0.011199313,-0.0010772641,-0.0033650345,-0.0015119477
-0.013564398,-0.027237413,-0.017405512,-0.01872653,-0.009217614,0.0005124538,-0.007872333,-0.0007301297,0.010083492,-0.0015061373,0.004267253,-0.0014059165
0.006900532,-0.016071146,-0.009495483,-0.015612842,0.024814144,0.024414383,-0.001750232,0.0015011976,0.016743785,0.0029858446,0.009977372,0.00039257214
0.013432575,-0.005095551,-0.00015303388,0.002668413,-0.062489785,-0.012746324,-0.0036555144,-0.0033422809,-0.004267132,0.007876205,-0.0028294171,-0.0089930305
0.018471133,0.009074368,0.013716857,0.011428711,-0.064992346,-0.008239467,-0.00038363528,0.0017997033,-0.00045101217,0.0020045321,-0.0038908783,0.004063985
0.006707951,0.008011061,0.0055333064,0.007006415,0.0077006533,-0.00013597244,-0.0057549956,0.0032101383,0.0017723012,-0.00046060493,-0.005424335,-0.003045853
0.003264378,0.013354176,-0.0010074265,-0.0041685128,0.007258012,0.008560661,-0.0016855723,0.006332402,0.017720899,0.00085893157,0.010038781,0.00074297003
-0.008219629,-0.0049081934,-0.0029985995,0.0013046615,0.0056864326,-0.0013787933,-0.0013811686,0.0023091882,0.008826555,-0.0037900233,-0.0011246277,-0.003710003
-0.006737379,0.012079047,0.004397494,0.010748038,-0.03827156,-0.005973265,0.0042080227,0.002833571,0.013567759,-0.0029146406,-0.0035282087,0.004192416
-0.0050612995,0.011070757,-0.0009647915,-0.0011070111,0.009982403,-0.0055408403,0.011029101,0.0016545813,0.01015328,-0.009318324,0.004807782,0.004870967
0.009116937,0.014629594,-0.008416166,0.0049311984,0.0065239207,-0.0010864274,-0.0033318703,0.0062470464,0.008306231,-0.0020193674,-0.010891683,-0.006800898
-0.0012645215,-0.0032387201,0.00011442404,0.00056086824,0.023855032,0.0022438653,-0.014958499,0.0069344128,0.021010097,0.0016889874,0.00031967415,0.006314037
-0.0060933256,-0.021357039,0.0029732815,-0.011959622,0.011717715,0.0028963503,0.012334738,0.005567726,0.012930664,0.0010857347,-0.00031734636,-7.411392e-05
-0.009823982,-0.021792063,-0.0005059909,-0.016492905,-0.055262428,-0.0073879743,0.008753509,-0.0024866958,-0.0072920485,-0.0028306174,-0.0110597145,0.001757259
-0.00067411485,-0.019657025,-0.027357537,-0.017845923,-0.06911864,-0.007842914,0.0072249165,0.00024033463,-0.013993323,-0.0020425175,-0.0064409194,-0.0061156237
0.0067334627,-0.0019999298,-0.0126013,0.0022334,0.015047467,0.0017627444,-0.0012668731,0.001764099,-0.0013455278,0.017972996,0.005314687,0.00014713049
0.004851321,0.014517119,-0.0015043876,0.0009215792,-0.0009163605,-0.0013488679,-0.007090171,-0.0015029876,-0.008745587,-0.0043181456,-0.0050437967,-0.006700202
0.00966177,0.0075627984,-0.0004508908,-0.002730491,-0.03743315,0.0049617463,-0.025777036,0.0013192826,-0.0073005753,-0.0022780858,-0.005933289,0.001856601
0.0048018857,0.014790605,0.0052423556,0.01310956,0.009558283,0.0054176166,-0.00742256,0.0050622006,0.0038669696,0.0006834407,3.4995963e-05,0.007013696
-0.0077506285,0.0027849032,0.0029080776,-0.006937848,0.0022916724,0.002569704,0.0058733895,0.0019610645,-0.000935219,-0.003497879,0.0029077092,0.007906324
-0.0047628554,0.01142976,0.004070792,-0.0009405769,0.007305802,0.0011001864,0.00014573528,0.0010553113,-0.0021266376,-0.0023826258,-0.0014251752,-0.0051005497
-0.0027647924,0.008073329,-0.0005367461,0.0040647527,0.004566541,0.019194739,-0.0053586583,0.0011461964,-0.0021149528,-0.005096349,-0.00020535334,-0.003526329
0.006483111,0.0061380686,0.005267408,0.0043815533,0.018777143,0.012593715,0.006239579,0.0007652844,-0.010793844,-0.002610887,-0.00090998743,0.0017626107
-0.003639453,0.0025703183,0.0094357515,-0.003013343,0.025171466,0.0019897323,0.014258161,0.0033504625,-0.003994642,0.0012860978,0.006808991,0.00041070377
-0.0029032228,-0.003929497,0.011011641,0.018033909,0.021024527,0.005021512,-0.0074626245,0.007961793,0.002381079,0.0005503033,0.013956067,0.0016413259
-0.0121753365,-0.020191342,-0.0002750939,-0.015032679,0.0075076465,-0.0031303382,-0.006804011,0.0064508435,-0.0022539496,-0.0054553784,-0.007861249,-0.00037458396
0.005492355,-0.012376788,-0.0063293646,-0.011560354,0.024474006,0.0059859785,-0.0059284503,0.0041288533,0.00082522753,0.0066180048,0.006057544,-0.002220078
0.007745426,0.002628439,0.0055252803,0.0014786861,0.0139028635,0.019314153,0.009964453,0.005935226,-0.0050426237,-6.491515e-05,0.008709104,0.008805288
0.008372851,0.013603354,0.0032102568,0.0091220215,0.02102551,0.003983953,0.0143085895,0.0026792502,-0.003383939,0.016214106,0.015401566,0.0051570567
0.0040928787,0.010801434,0.0029486015,-0.0032141053,0.021868516,0.0060575823,0.012067956,0.0063295523,-0.0032282094,0.0026042322,0.0063168136,0.009755062
0.0020092784,0.014241428,0.003077086,-0.009799168,-0.0079272725,-0.0078008617,-0.0060303234,0.0018243366,-0.009081325,-0.0038219248,0.0007640149,0.004179986
-0.009248671,0.00019264592,-0.0015381661,-0.012280033,-0.007591558,-0.011250958,0.009047859,-0.0054291193,-0.010170014,-0.0051600747,-0.01299113,-0.0018635001
-0.0063009197,0.005956858,0.0071009034,0.0053216275,-0.039664503,-0.015562171,-0.019653363,-0.007529347,0.00035536633,-0.0020110975,-0.003822222,-0.003474653
-0.005141449,0.0085732965,0.008037614,0.004323069,0.010702864,-0.006819989,0.016095448,-0.0072857523,-0.0013031708,0.00028299598,-0.0015527221,-0.0006539534
0.005813527,0.009632961,-0.0117113935,-0.0071908296,0.009771867,-0.009338212,-0.02510514,-0.004759346,-0.0008105003,-0.002295482,-0.003507404,-0.0012678145
-0.004372889,-0.009300463,0.004297092,-0.005869454,0.0064967307,-0.00092496903,-0.0028115574,-0.010114672,-0.00045119924,0.0010481182,0.0038547632,-0.0014115536
-0.0076110247,-0.021573246,9.806608e-06,-0.011138476,-0.005309871,0.0019116862,0.00891262,-0.007811899,-2.8293682e-05,-0.0014402503,0.007009679,0.0021364007
-0.014024884,-0.0187958,-0.019834314,-0.018497836,-0.03883696,-0.009238687,-0.007910505,-0.0064375815,-0.0002995916,-0.0030793117,-0.0069532217,-0.006608124
0.007862207,-0.0186581,-0.015905734,-0.0072676,0.013908294,-0.008599932,0.015099429,-0.0049539413,0.0015282182,0.014340955,-0.005090483,-0.004077781
0.0034368546,-0.0041185105,0.010640419,0.0023699629,0.008633809,0.005439089,-0.0059024454,0.0058519444,0.0005644164,0.011955617,0.008472001,-0.011605371
0.015706725,0.008870837,-0.0027405382,0.0018535239,-0.03369649,-0.0159286,0.004492611,0.001128706,-0.009489279,0.00578259,-0.005061735,-0.009547442
0.008326705,0.013362137,0.005841772,0.0105810845,0.012022928,0.0010517624,0.014736909,0.009979524,0.013388059,0.0023095345,0.005967141,0.0068256287
0.002517792,0.016020412,0.00962604,6.124301e-05,0.013195521,0.0022146716,0.01635852,0.012139925,0.024699444,0.003319774,-0.0052167648,0.018046848
-0.0105537055,-0.0021764315,-0.008071158,-0.009054092,0.001992169,-0.003401523,-0.003313188,-0.0021397844,-0.0065407683,-0.009373578,-0.0016973038,-0.0069131027
-0.0066836304,0.015025041,0.0023585262,0.0033420103,0.021521864,0.016832754,-0.0036769777,0.003084303,0.0002690945,-0.0059825387,0.008176064,-0.0009043856
-0.0036586244,0.012406336,0.0061275885,0.021821566,0.017231643,0.017564418,0.013634919,0.007769394,0.006562709,-0.0019551,0.01439644,-0.0017181435
0.022947825,0.018809212,0.009192674,-0.0049662385,0.03176918,0.0029145193,0.01604868,0.008769551,0.0025465707,0.0024690516,-0.000829441,0.0022829818
-0.0034492356,-0.0066367057,-0.0007007528,-0.0075451233,-0.005365956,-0.00391675,0.010145935,0.0028680922,-0.0061825984,-0.0032185726,-0.0050028074,-0.0024424125
-0.0077046487,-0.031832304,-0.0020923628,-0.018256241,0.0005224673,-0.0044927034,0.00026033807,0.0019233854,-0.015614371,-0.0011967164,-0.0036299804,-0.00228424
-0.011115081,-0.01885256,0.005934551,-0.011357931,-0.031366047,-0.0064142607,0.011318658,0.00095994683,-0.0034173657,-0.00013855289,0.004844748,-0.0014674538
0.0040064626,-0.025943192,-0.02386344,0.0011341526,0.010148369,-0.0015243804,-0.009102119,0.00068195764,-0.007812704,-0.00797249,-0.014118771,-0.0043503577
0.01650893,-0.002076999,0.012773325,0.012267031,-0.030229509,0.0062881564,0.012249119,0.0039014353,0.014612361,0.002971554,0.006691406,0.0028270269
0.009017065,0.018405557,0.0015128731,-0.0018575998,0.02038035,-0.0013111525,-0.004360557,0.0039228667,0.01936098,0.022647507,0.0034071135,-0.00079972856
0.0057273535,0.012062405,-0.0013744467,0.006582057,0.0070217177,-0.0010781235,0.012120638,0.0043851933,0.013654012,-0.0033258481,0.005177956,0.0038890254
0.0047766003,0.013125044,0.0054551484,0.010566257,0.019412711,0.019422183,0.007315948,0.0060060485,0.0135078095,0.003467498,0.008136684,0.012045438
-0.005314902,-0.0059278035,0.002091949,-0.004004189,0.017278528,0.0130292885,-0.016363705,0.0015532374,0.011937777,-0.007460254,0.008871572,-0.0063927416
-0.008371014,0.008704814,-0.00023493792,0.0025468566,-0.046803057,-0.012962423,0.008798158,-0.004922317,0.005220059,-0.0037997619,-0.013029473,-0.0057270075
-0.0018497773,0.009100739,0.00050649466,-0.0074793682,0.003196459,0.0021271736,-0.0058212215,0.0010447048,0.0036730063,-0.0039595347,0.011232696,-0.007677628
0.015572875,0.013204677,-0.006120779,0.011568323,0.025238628,0.020057188,0.000992315,0.005546741,0.0024418065,0.000584931,0.007842559,-0.011601243
-0.004985114,-0.0077969865,0.004096535,-0.010335444,-0.035011493,0.0036090733,0.0014959708,0.0045326417,0.0038790747,-0.0033966512,0.011746144,-0.0034680374
-0.0026766087,-0.018101571,0.007694523,0.01335389,0.015196518,0.009152472,-0.0017741085,0.0060748844,0.01839669,0.0044432003,0.011455314,0.003919571
-0.012135957,-0.023756899,0.004352483,-0.012286809,0.01045173,0.0024936986,0.010520682,0.0031159865,0.014479895,0.0013444651,0.00092520064,-0.0015169597
0.0027600303,-0.017052783,0.007112974,0.0043592807,0.021573646,0.008137128,-0.0011704108,0.006283117,0.016582217,0.001837308,0.004743011,0.001550081
0.008015202,-0.00052258,0.0012894239,0.008304582,0.016869534,0.001181415,0.017593114,0.0043268213,0.016548637,0.003264725,-0.0055529266,-0.0011425843
0.006599128,0.015725452,0.0006620985,0.0094556995,0.021787561,0.008846543,0.011366112,0.006089576,0.010960723,-0.0016674469,0.0024637317,0.0040502637
0.0072760945,0.011855443,0.003058902,0.01333635,0.010264173,-0.0074880887,0.012801591,0.005660899,0.01768787,5.176358e-06,0.009990534,0.007787926
0.003887566,0.011893776,0.0009694572,0.0054982193,0.0073469174,-0.009699965,-0.016804412,0.006575378,0.016066793,0.0015881577,0.010840872,0.0026882554
-0.0075730244,-0.0035163823,-0.0004842626,0.0150457425,0.018719582,0.019723158,0.013241087,0.0025432175,0.0006242847,-0.004600508,0.0069596977,-0.000914528
-0.0034348594,0.01575788,0.007882454,0.0058829384,0.022250805,-0.0039908956,0.015492382,-0.0012227662,-0.00024916543,-0.0016953779,0.009766803,0.00024128794
-0.003413732,0.010881233,0.0019327207,0.0018545163,0.004886642,-0.010642676,-0.007255863,-0.0024350574,-0.00015862948,-0.0030410457,-0.008451734,-0.0056886896
0.016068768,0.016355138,-0.0034073598,0.01045645,0.011929075,-0.00045624006,-0.0046677375,0.0032403944,0.0016397537,-0.002833102,-0.004587126,-0.0013087306
-0.0021017883,-0.010374917,0.0037992639,-0.018475784,0.017167578,-0.000822678,0.0011407183,0.0016393472,-0.0072506326,-0.00835369,-0.006109882,-0.0025807135
-0.004505121,-0.024247788,2.714913e-05,0.0052877874,0.011526204,-0.0024205432,0.0018572381,0.00075127446,-0.0071441596,-0.005627048,-0.0018011958,0.001714391
-0.010309838,-0.019903403,0.007077187,-0.013524888,-0.025653044,-0.0035480068,0.0011047202,-0.000729369,-0.0053210026,-0.0021859407,0.015662983,0.0025601133
0.004177031,-0.016688986,-0.014415202,0.026011178,0.02848813,0.0112303635,0.0020422938,0.00206416,-0.004219031,0.0015759565,-0.00042787765,-0.00980579
0.0007509009,-0.017172411,-0.012114905,-0.018012078,-0.003579314,-0.0037735768,-0.020941317,-0.0013783425,-0.017035311,-0.008952018,-0.00838082,-0.01895267
0.015831208,0.01203751,0.00055772427,0.015372113,-0.036264308,0.004949135,0.0037780707,0.002013414,0.0026447426,-0.0025376575,-0.002937421,-0.0034721068
0.011763142,0.00882939,0.0022052114,-0.00071752636,-0.03379597,0.005371375,0.0033339208,0.00032540358,2.3060858e-05,-0.003865465,-0.0014657472,-0.004179627
-0.0031441066,0.01347463,-0.002719874,-0.008114729,-0.043231584,-0.010265171,-0.005360216,5.3373813e-05,-0.006149612,-0.0033828195,-0.0027616378,0.004117696
-0.0048200884,0.0040330817,0.0020748721,0.017244441,-0.004879684,0.0061563635,-0.001628048,0.0077563245,0.0016103456,0.00034639533,-0.001724357,0.0068032164
-0.005883143,0.013575379,0.0015380813,-0.004803019,0.03105675,0.0099570565,0.017485272,0.0059492067,0.0041426057,-0.0019025453,0.002527045,0.013463389
-0.0024169988,0.0060335295,0.0030175997,0.013847061,-0.026611866,-0.0053245155,0.0008028075,0.0055003455,0.0059818015,-0.00054123707,0.027563702,0.004983965
0.011968152,0.012572605,0.0045644627,0.0129828565,0.016298095,0.0024438037,0.013755769,0.00477847,0.008163779,0.00048108856,0.0067247283,0.0017975968
-0.0042226533,-0.0066381977,0.006035116,-0.0015316395,-0.06909543,0.003958621,0.00051185035,0.00043261636,-0.0025511433,-0.0034343572,0.0016888272,-0.0026417377
-0.008374068,-0.016339965,-0.027693197,-0.011115115,-0.043698244,-0.0008422382,2.285403e-05,-0.000709901,-0.00085958885,-0.0048181475,-0.008155474,-0.0043599783
-0.010165333,-0.017998267,-0.023137975,-0.010889354,-0.042180713,0.0006405222,-0.0005060242,0.0012394316,-0.0021858786,-0.0037009036,-0.0059186085,-0.0034058206
-0.0011733212,-0.015202585,-0.014067102,0.008387418,-0.06619572,0.0016625903,0.008646916,-0.00011829464,-0.0032058393,-0.0040285345,-0.0067032087,-0.0031938585
0.006721135,-0.005485001,-0.014792052,0.011244626,-0.0007069075,-0.0004343238,0.009150558,0.0012442917,-0.0038091983,-0.004904185,-0.0070852726,-0.0034402856
0.0068157627,0.007407111,-0.0006562035,-0.010482861,-0.03695536,-0.0049640588,-0.0027599875,-0.003149993,-0.0026580268,-0.0007921878,0.0051366356,-0.0026197261
0.0016065164,0.009387963,-0.0013367924,-0.0061400165,0.015865568,0.002640107,0.0129298745,0.0036832553,-0.00016943614,-0.001974703,0.0044353707,-0.00013042572
-0.00036851648,0.011595085,0.004922526,2.5232031e-05,-0.03727594,0.0055620344,-0.0037226141,-0.003414953,-0.0038576578,-0.0033947737,-0.0012150453,0.007683311
-0.008052952,0.0010358401,0.001465023,0.0071721077,0.019073715,0.0030610259,0.010544396,0.0064462787,-0.0003012343,-0.004948664,0.004146622,0.00993106
-0.008777999,0.007569853,-0.00052709645,0.0041305018,0.0027223225,-0.00085515704,-0.005004543,-0.0032395686,-0.015027391,-0.002670262,-0.0031209262,-0.00033299648
-0.002892471,0.0055145836,0.0046347305,-0.0011318647,0.0045146057,-0.00053645496,-0.0022909008,-0.0038787997,-0.012383468,-0.0060494915,0.009904498,-0.005450846
0.0021506203,0.003130626,0.00037264935,-0.010744605,-0.07948125,0.0038906923,-0.01617198,-0.004863684,-0.008949466,-0.009128708,-0.004044736,-0.003809636
-0.009226814,-0.0070764483,-0.026774472,-0.015157418,-0.07412396,0.0002929527,-0.004419789,-0.0032936612,-0.003286333,-0.008586338,-0.005385362,-0.0048017157
-0.00584235,-0.0124747,-0.02132099,-0.01011626,0.014455933,0.0009904625,0.012921393,0.0026954152,0.0004947694,-0.0024277247,0.005058172,0.0030918883
-0.01094007,-0.017080227,0.00490801,-0.01278681,0.02035466,0.0035502752,-0.0059792087,-0.00097639475,8.470896e-05,0.0044202902,0.005447565,0.000306167
0.0050811474,-0.01112954,0.002746578,-0.010363103,0.013585064,0.0049842936,0.011002255,0.0037422054,-0.0024954816,-0.0014159364,0.007953257,0.0017830916
0.005132727,0.0019333956,0.004476065,0.0077483617,-0.029382778,-0.0062720887,-0.018715885,-0.00035402988,-0.0056078257,0.0041752723,0.011057679,-0.0042444677
0.0020970083,0.003302982,-0.0014365459,-0.0034119848,0.013235453,-0.0045584757,-0.021726085,0.0009282904,-0.014539352,0.0037718932,-0.007806859,-0.0029389134
0.003945686,0.0042653577,0.00097003847,0.006357443,0.0025632104,-0.0027018383,-0.00064423564,-0.0011622019,-0.01625396,-0.0010785537,-0.006677153,-0.0032189728
2.1671327e-05,0.006859119,0.0049804277,0.0011431413,0.008767259,-0.0073200664,-0.024026787,0.0008214259,-0.011625207,0.00026957216,0.009996709,-0.003567029
-0.009061063,-0.006042228,-0.003509449,-0.00406559,0.007043518,-0.007186499,-0.019159805,-0.005004209,-0.007518979,-0.005745493,-0.0094543435,-0.007739582
-0.0059774364,0.010670152,0.0013334738,0.015246687,0.020935798,0.0045690862,0.008893678,0.0025818946,-0.002370979,-0.0021765316,-0.0041922918,-0.0035933324
-0.0054488215,0.008002719,-0.0040235566,0.008409375,0.018331438,-0.016166573,0.004138416,-0.0059941057,-0.0020749383,-0.0020064712,-0.009800851,-0.0038584797
0.022401404,0.02119868,0.004124908,-0.003771494,0.03187404,-0.00037356222,0.010686969,-0.00028045123,0.018903349,0.021057349,0.00084330956,0.007362409
-0.0045452192,-0.012284478,-0.0042455117,-0.010928358,0.01463205,-0.0104757035,-0.008521307,-0.009770943,-0.0074702045,-0.0005204719,-0.01106006,-0.0031407727
-0.009362799,-0.027569212,0.0016755867,-0.011276486,0.0027163846,-0.01084659,-0.009575547,-0.007968716,-0.005972213,-0.0102373585,-0.0116203,-0.0027553048
-0.009088646,-0.018174078,0.0055191913,-0.002188134,-0.021031557,0.0032076337,0.011565573,-0.0038923277,0.0021090999,-0.0029873343,0.0047037904,0.00049969513
0.006257028,-0.022551736,-0.009186995,0.004055298,0.022786347,-0.0073903915,0.010845339,-0.007848876,0.0019054573,0.01474208,-0.0028277838,0.0015414972
0.016061671,-0.0027870382,0.0045777443,-0.00065395015,-0.028232241,-0.001403637,0.01013623,0.00042646134,0.003963729,0.015570084,0.010359777,0.0009955441
0.006435732,0.011813075,6.0764403e-05,0.004425572,0.0047267,-0.011210638,-0.0072162263,-0.007918897,-0.0060645174,0.0106393695,0.0011040578,-0.0016126655
0.006823793,0.011136843,0.0017662607,0.002679281,0.009001733,-0.007679859,-0.006670343,-0.0116737895,-0.00012316051,0.0007900603,-0.0043030293,0.0032751907
0.0020570182,0.01437496,0.0078013907,-0.0007983292,0.014668426,0.0029110748,0.01291569,0.00058656937,0.008706652,0.0005842019,-0.0024753264,0.008565736
-0.004783177,0.0019574838,-0.0010431596,0.0073568793,0.025767973,0.006537435,0.016298868,0.0028846082,0.0065471865,0.0012821135,0.01457749,0.019476
-0.0062624193,0.01463145,0.0067808907,0.005610016,0.007916639,0.001492142,-0.0011831918,-0.0002920215,-0.0011113866,-0.0011504225,0.005742161,-0.0014763586
-0.006278551,0.0033289099,-0.01317349,-0.00015362624,-0.04359874,-0.018422894,-0.0228415,-0.0016084139,-0.004514556,-0.0022274228,-0.009131404,-0.0014378544
0.01727184,0.014471516,0.0068691666,0.002794941,0.031390514,-0.010254352,0.013648681,0.0032012986,0.0033637485,0.014301119,-0.0012746686,0.0065826974
-0.0039605442,-0.0018201446,0.0046996553,-0.0031027857,0.023179747,-0.008182576,0.0030929612,0.0066915494,0.014918788,0.0047681276,0.011249829,-0.0020607729
-0.008098366,-0.020558422,0.00027033655,-0.00034444357,0.009023098,-0.011462499,-0.008445097,0.00429615,0.01398206,-0.0022239161,0.0059386236,-0.004769173
-0.009948142,-0.026832173,0.0013575981,-0.016500639,0.020221189,-0.0026278375,0.0032785793,0.003666799,-0.00757973,0.0007352986,-0.0058396794,-0.0030401812
-0.0031336236,-0.022480376,0.0024053785,-0.016205188,-0.036245286,-0.0046129134,0.004139413,0.00077886746,-0.012087896,-0.0006489624,-9.863483e-05,0.00026184757
0.002828135,-0.012714679,-0.0150600495,-0.018303609,0.016605452,-0.00051791215,-0.0061169285,-0.0020959778,-0.015040942,-0.007219371,-0.011690197,-0.018753024
0.007676114,0.017166348,0.0017119726,0.012416346,0.014304013,-0.00078662887,0.012551661,0.003659197,0.0019523372,0.0013052701,-0.005980327,0.0035819402
0.0042146067,0.010513596,0.001550345,0.00889465,0.0006396343,-0.004865643,-0.0031335526,0.0016384004,-0.0029274754,-0.0017124376,-0.004125217,0.0046549006
0.001231208,0.011789098,0.005524867,0.0101041645,-0.024342205,-0.007862884,0.009410211,0.0036047946,-0.0007146244,0.0015742559,0.017129203,0.00821321
-0.006487037,-0.0019888952,0.00019835042,0.014127878,-0.00031396584,-0.008095363,0.002296235,0.0034283572,-0.0038700865,-0.0014497642,0.007305282,-0.0013045229
-0.0042794384,0.012959448,-0.0009888887,0.010211547,0.0094244825,0.002119867,0.009979113,0.00011302804,-0.0016261857,0.002399793,-0.006586253,-0.0049398085
-0.001112347,0.013032263,0.0045197685,-0.010217983,0.027022928,0.01734348,0.0008481266,0.0018701591,-0.0073431823,-0.0033133845,-0.0023476486,-0.0058183996
0.020865088,0.015487853,-0.0005208998,0.013224582,0.026068076,0.0044811647,0.009894069,0.004149623,0.0035491637,0.0027654895,-0.0036607827,-0.005213345
-0.0019550102,-0.011639054,-0.0015187509,-0.01166718,-0.0010759234,-0.0033640154,-0.022361217,-0.00024866607,-0.013234329,-0.0071493336,0.008190875,0.0010184512
-0.00847144,-0.030020569,-0.0028744445,-0.00838446,-0.0005571553,-0.006537008,-0.010052112,0.0007080685,-0.013569798,-0.0064071785,-0.0043733898,-0.002996911
-0.010743385,-0.03082791,0.00034740785,-0.0036290807,0.0071776593,0.0006007387,-0.0015399839,0.0030787361,-0.010762608,-0.0022345292,-0.002816666,0.0017968602
0.0030061763,-0.018837674,0.0070836553,-0.014442735,0.021331068,-0.0005270663,0.0032289266,0.004384827,0.0028438456,0.017634375,0.0020623729,0.006151182
0.002182125,-0.0042640013,-0.0018776591,0.0050522857,0.0031036274,-3.1442323e-05,-0.025829963,0.0047795153,0.00038011716,0.005305335,-0.014365006,-0.0054924814
0.0047566113,0.01426648,0.0024226895,0.017169328,0.027571967,0.01349004,0.0065248455,0.003217291,0.008465906,0.00775506,0.006727929,-0.00045448064
0.0022064804,0.008257235,-0.0019934017,0.0041195047,0.013709383,0.0012736022,-0.002158408,0.0030194458,-0.005383411,0.00018696992,-0.0068322583,0.00581628
0.0016715493,0.0148076825,0.0024606278,0.0029139956,0.023639034,0.006992857,0.013129491,0.004293696,-0.004364163,0.00025992468,-0.00030610152,0.00747615
-0.0022758616,-0.00046692876,0.008936052,0.0013711799,0.017906545,-0.006416863,-0.011662445,0.006694494,-0.0013246714,-0.0012088795,0.014945082,0.0039932416
-0.005189699,0.011054041,0.00167911,0.013379173,0.027930196,0.0056585423,0.009395587,0.0042613037,-0.0044907923,-0.0043711006,-0.0022096853,-0.0041554095
-0.0029411819,0.006816415,0.00021216915,0.005285262,0.0035353708,-0.0014417046,-0.0067581926,0.0027640394,-0.006039154,-0.0039731637,-0.004721135,-0.013307761
0.0033932668,0.008833402,0.0014110063,0.012236934,-0.076449074,0.020099558,0.004175238,0.0019268858,-0.00051690603,-0.004588028,-0.0016023288,-0.0024854045
0.00062747113,-0.0018732056,0.013546339,-0.002734672,0.012360675,0.0015767164,0.014457177,0.0038763466,0.0069304667,-0.00074956816,0.017485978,0.0056138653
-0.007114236,-0.021985829,0.001245631,-0.0021566483,0.02936049,0.009915423,-0.0031460116,0.0019212873,0.0023725359,-0.00025188498,-0.0039636795,-0.00072388205
-0.012393653,-0.025173515,-0.0042853453,-0.022473846,0.012006724,0.0006842171,-0.025564061,-0.00093881966,-0.010686363,-0.009223454,-0.013274146,0.0012119769
0.0015254337,-0.027449982,-8.258445e-05,-0.014549943,-0.0010257005,-0.0012910434,0.009697494,-8.629085e-05,-0.016816009,-0.0069639995,0.0021760515,0.0035123038
0.003499393,-0.0031813905,0.003409993,0.013693905,0.003312055,-0.0050442484,-0.012150858,0.0027662246,-0.0048819445,0.0069232,-0.0027948874,-0.0053036273
0.007522332,0.016388567,0.0057980106,0.008460308,0.013791001,0.0020478265,0.0035364653,0.0051603424,0.0011437302,0.011170363,-0.003775017,0.0054678596
0.006145663,0.010548247,0.0039930544,0.0075178575,0.015824197,0.0015536164,-0.0017634224,0.0006036754,-0.0052072336,-0.00083654106,-0.007668545,0.0007248876
0.0034057158,0.011197193,-0.0067885197,0.009248511,0.012095731,-0.010938196,-0.0029501515,0.0060632774,-0.0037881925,-0.0017013751,-0.0041526435,0.0014194206
-0.0081198355,-0.005171679,-0.0045783985,-0.008881183,0.0010338778,-0.011686041,-0.012205175,-0.0017268581,-0.010532894,-0.004468211,-0.013091154,-0.0021491784
-0.00777455,0.008572136,-0.0023496693,0.0042656404,-0.04110661,-0.016408127,-0.019872412,-0.00716073,-0.001223372,-0.0021977418,-0.008351232,-0.0010068031
-0.00591073,0.009816788,0.0053244005,0.004311248,0.012059481,-0.00785538,0.0062273615,-0.0046023973,0.010949718,-0.0010553529,-0.0042234147,-0.0029118673
0.0088531915,0.011488759,0.0005835437,0.00019246819,0.012957423,-0.009503225,-0.022435218,-0.0039968463,-0.0042605256,0.017744318,-0.0012703785,0.004284829
-0.0029397462,-0.0056255455,0.0020243651,0.014252509,0.020058895,-0.0086710015,0.006444947,-0.011310052,-0.0029471354,0.014323456,0.0009354538,0.011765665
-0.010007584,-0.018733755,-0.0022506095,-0.0071124965,0.0052244933,-0.00896206,-0.014388398,-0.005636618,0.0021759982,-0.0028755881,-0.0059625544,-0.004279398
-0.009013026,-0.019193517,-0.008496114,-0.0003161707,0.016944412,0.0009757774,-0.01667436,-0.009827519,-0.0014297136,0.007992837,-0.006917148,0.0024988651
0.0080884155,-0.013432077,0.008674456,0.011601551,0.0039091446,-0.0024196347,0.020276675,-0.0019498646,0.003913532,0.017486122,0.01195813,0.0049929
-0.00023893775,-0.0056364574,0.008229228,0.007849724,0.011812978,-0.0040719667,-0.008085612,-0.014737673,-0.010143009,0.0023430113,0.0024819984,-0.01298674
0.0085675,0.016353125,0.0031935854,0.0075326613,0.025012357,-0.00073800125,0.017299559,-0.00673718,-0.00469901,0.016289102,0.0018032878,0.0009455489
0.00030172,0.008717458,-0.0037881455,-0.0012051058,0.011301939,-0.0048986417,-0.006573025,-0.012534731,-0.0111601055,0.004605788,-0.014800084,-0.00455038
0.004472465,0.01373434,0.0076858564,-0.0011746121,0.011086222,-0.009654067,0.013792827,-0.0042833444,0.0052702036,-0.00095591927,-0.0010097496,0.010943739
-0.007846472,-0.002484187,-9.608624e-05,-0.003098493,0.005662902,-0.01314687,-0.005909853,-0.007830271,-0.0023191436,-0.0032990708,-0.0050396933,-0.0033219694
-0.00598188,0.013375182,-0.00044767628,0.008347052,0.0102957925,0.0035943885,0.0071175233,-0.00049748475,0.0026859909,-0.00013966543,-0.001265127,0.0036993644
-0.0068987277,0.0012522389,-0.004079012,0.0010033303,-0.06739465,-0.017194528,-0.024050117,-0.00790633,-0.00203321,-0.002685808,-0.007307913,-0.009113374
0.01835569,0.0130315805,0.01537546,-0.000983955,0.03418816,-0.009429223,-0.01791125,-0.00018482852,0.003235431,0.01836399,0.0012565498,0.006562435
-0.0042651235,-0.0057980297,-0.00094954896,-0.0035684723,0.019031076,-0.002953015,-0.0019344215,0.00070630806,-0.0061797383,0.0058665774,-0.0013483943,-0.00056107366
-0.0053977454,-0.021811932,0.00044936157,-0.010170274,0.014013038,-0.0016726373,0.0005785905,0.0002311801,-0.0008028544,0.012286521,-0.009027054,-0.0036819205
-0.0071975645,-0.022439076,0.007950182,-0.001353216,0.021343667,0.002245757,0.005950233,0.0051033907,0.0071619526,-0.0051172413,-0.0046219123,0.014046751
0.0014457777,-0.024147078,0.0016989275,-0.012349848,0.021102896,-0.011302991,-0.008561277,-0.0013463268,0.002338972,0.014278862,-0.0042132386,-0.00017722748
0.0052956203,-0.005055482,-0.0010495046,0.0051045693,0.0032213547,-0.008894616,-0.0077158813,-0.003447757,0.00018800149,0.009552338,-0.009076045,-0.0010947578
0.0042107776,0.015144834,-0.0025170217,0.005109005,0.015728708,0.0018645963,-0.0066654505,-0.006706013,-0.007774687,-0.004121826,0.0037110394,0.0001222841
0.0064274915,0.009441352,0.0014349105,0.0011863575,0.014318577,0.0020994293,0.012956967,-0.006708026,-0.0035760966,-0.0017551009,0.007013562,-0.0019340226
0.0018294239,0.016825976,-0.0051833484,-0.005825328,0.007998254,-0.008252615,-0.005240613,-0.008772332,0.00041561134,-0.0027528103,-0.0029796388,0.009680071
-0.008642991,-0.0010768143,0.0034249392,-0.00328923,-0.039785847,-0.013311053,0.009850392,-0.0036573228,0.001073916,-0.0058986368,-0.0007319859,-0.0068019745
-0.0067577353,0.010209011,0.0054538273,-0.0021469118,-0.03809944,-0.013153204,-0.005044325,-0.0044671353,0.00078872265,-0.0012661092,-0.0019360301,0.011609282
-0.0052108876,0.005330815,0.007187759,0.008617269,-0.036821987,-0.0073587997,-0.004572467,-6.3650004e-05,0.0010412305,-0.0019407843,0.00014304137,0.0029285864
0.009334146,0.011943337,0.0039129546,0.0033012812,0.011024257,-0.009876258,0.01721841,-0.0047787074,-0.0037095773,0.015701918,0.0006115495,0.003628138
-0.005834116,-0.0019169911,0.00069835025,0.0043396307,0.010316006,-0.008906103,-0.018898763,-0.011966898,-0.0020574287,0.00050329155,-0.0032439139,-0.005895348
-0.007968548,-0.026179098,-0.0021773728,-0.009562592,0.0049662907,-0.011384908,-0.0013615874,-0.0075555546,-0.0028487302,-0.006575586,-0.013595084,-0.00721063
-0.011022733,-0.026352774,0.010169037,-0.00076137995,0.020145712,-0.0019567015,-0.009592732,0.0059974305,0.0023489168,-0.0017746576,-0.011410058,-0.006161669
0.0022982722,-0.021509284,0.0011882664,-0.004182454,0.008601703,-0.0035704565,-6.192724e-05,0.0012112962,0.0022596722,0.012323495,0.00533593,0.003497606
0.0043141562,-2.3615437e-05,0.0037797156,0.010235947,0.004320848,-0.0018337873,0.007719533,0.0040342305,0.010466209,0.0058890074,0.0042060865,0.0013817322
0.007513118,0.007978916,0.0017430773,0.009550463,-0.027752934,-0.0074280663,0.0064993715,-0.003233071,-0.00020017935,0.0003141252,0.014619776,-0.00082718884
0.007214392,0.013535014,0.0023931952,0.0130458595,0.013390147,0.0024967885,0.017437862,0.0052146623,0.0027838426,0.0020174566,-0.00050396536,0.012447902
0.0021746573,0.011709189,-0.0025539983,-0.004351637,0.023521943,0.006852658,0.002490921,-0.0024173234,-0.0027903712,-0.0035245887,0.005502742,0.0073233405
-0.008497762,4.465771e-05,0.0035689676,0.008546462,0.0041039665,0.0042878543,-0.0032523323,-0.001988286,-0.0029059397,-0.0018976788,0.0047282535,0.009890161
-0.0058126454,0.0096053295,0.0010374053,0.001260943,0.003537528,-5.67062e-05,-0.0058216425,-0.0051654,-0.013800999,0.00075354724,-0.0011825066,0.003364929
-0.002068833,0.005238931,0.0015138614,0.0012019065,0.021875747,0.0029592633,0.0027349913,-0.0051434333,-0.014492062,-0.0014196906,0.0028540434,0.0077605117
0.00926557,0.0054717204,-0.0037980478,-0.007814778,0.018396888,0.0066579413,0.005650153,-0.00752492,-0.017569063,-0.006997596,-0.0015164295,-0.0032186788
-0.003645707,0.0014331082,0.0016737283,0.010783072,0.023967125,0.0039647785,-0.002705682,-0.0030375745,-0.0024209216,-0.0027173536,0.0067345244,0.006487124
-0.007718383,-0.016195463,0.00028447926,-0.011338514,0.014581791,0.0018424328,0.0068762642,-0.0011321508,-0.0027910655,-0.0010012623,-0.000408224,4.778749e-06
-0.012182283,-0.018959554,-0.0036453968,0.00078494265,-0.00077504246,0.0014379424,-0.0047120578,-0.0012383376,-0.004241204,-0.003116942,0.0027443208,-0.001845465
